"","KMD6A","KMD6A_mean_CpG"
"TCGA-2F-A9KP","Mut",0.389009959789121
"TCGA-4Z-AA7Q","Mut",0.421277728955591
"TCGA-4Z-AA7W","Mut",0.43263710000543
"TCGA-4Z-AA82","Mut",0.446227428282142
"TCGA-4Z-AA83","Mut",0.410506919618778
"TCGA-4Z-AA84","Mut",0.423666302212842
"TCGA-4Z-AA89","Mut",0.391913939391374
"TCGA-BL-A5ZZ","Mut",0.423196780398739
"TCGA-BT-A0S7","Mut",0.409488971370494
"TCGA-BT-A20T","Mut",0.442972903956164
"TCGA-BT-A2LB","Mut",0.406912432163897
"TCGA-BT-A2LD","Mut",0.415927005198024
"TCGA-BT-A3PH","Mut",0.350646017924032
"TCGA-CF-A1HS","Mut",0.465786257409977
"TCGA-CF-A47W","Mut",0.428198949265272
"TCGA-CF-A47Y","Mut",0.432832538210888
"TCGA-CF-A5U8","Mut",0.395625944605097
"TCGA-CU-A3KJ","Mut",0.396793135160808
"TCGA-DK-A1A3","Mut",0.422234592539584
"TCGA-DK-A1A7","Mut",0.430710577895909
"TCGA-DK-A1AA","Mut",0.364404790380853
"TCGA-DK-A1AB","Mut",0.44894605672251
"TCGA-DK-A1AC","Mut",0.416451472675763
"TCGA-DK-A1AF","Mut",0.458881502040735
"TCGA-DK-A1AG","Mut",0.396593732303339
"TCGA-DK-A2I2","Mut",0.454802788213256
"TCGA-DK-A2I6","Mut",0.408652279849279
"TCGA-DK-A3IS","Mut",0.334385716944778
"TCGA-DK-A6B0","Mut",0.425583837049956
"TCGA-DK-A6B5","Mut",0.392010665809469
"TCGA-DK-AA6P","Mut",0.396523702030009
"TCGA-DK-AA6W","Mut",0.384376886083616
"TCGA-DK-AA6X","Mut",0.459193799298227
"TCGA-DK-AA77","Mut",0.390406841010254
"TCGA-E5-A2PC","Mut",0.362944766321255
"TCGA-E7-A519","Mut",0.45398453949185
"TCGA-E7-A5KF","Mut",0.412913848586665
"TCGA-E7-A678","Mut",0.376887372829487
"TCGA-E7-A6MD","Mut",0.416067274023589
"TCGA-E7-A6ME","Mut",0.421142041266119
"TCGA-E7-A7DU","Mut",0.359060445939648
"TCGA-E7-A7PW","Mut",0.44200448103916
"TCGA-E7-A7XN","Mut",0.435495424269274
"TCGA-E7-A85H","Mut",0.491281255158839
"TCGA-E7-A97Q","Mut",0.364785374452891
"TCGA-FD-A3B5","Mut",0.380163436906232
"TCGA-FD-A3N5","Mut",0.450851957530764
"TCGA-FD-A3SJ","Mut",0.39392755251813
"TCGA-FD-A3SL","Mut",0.451362620140258
"TCGA-FD-A43P","Mut",0.460923823239928
"TCGA-FD-A43X","Mut",0.379795640550281
"TCGA-FD-A5BV","Mut",0.400715104053625
"TCGA-FD-A5BX","Mut",0.411990335414401
"TCGA-FD-A5C0","Mut",0.469700954847275
"TCGA-FD-A6TA","Mut",0.378490391079241
"TCGA-FD-A6TC","Mut",0.407000610966718
"TCGA-FJ-A3ZE","Mut",0.413953089774703
"TCGA-FJ-A871","Mut",0.458364985297192
"TCGA-G2-A2EK","Mut",0.407134452016635
"TCGA-G2-A2EL","Mut",0.323937646535953
"TCGA-G2-A2EO","Mut",0.456499439550508
"TCGA-G2-A2ES","Mut",0.458211830207813
"TCGA-G2-AA3B","Mut",0.413148888732873
"TCGA-G2-AA3C","Mut",0.387374425599373
"TCGA-G2-AA3D","Mut",0.450195495357862
"TCGA-GC-A3RC","Mut",0.498209297262922
"TCGA-GD-A2C5","Mut",0.422943596457675
"TCGA-GD-A6C6","Mut",0.405473739077676
"TCGA-GD-A76B","Mut",0.426678888251088
"TCGA-GU-A42P","Mut",0.334332063421429
"TCGA-GU-A42R","Mut",0.455390353374848
"TCGA-GU-AATP","Mut",0.415184064359553
"TCGA-GU-AATQ","Mut",0.356131221138759
"TCGA-GV-A3QF","Mut",0.419197416770579
"TCGA-GV-A3QH","Mut",0.430032124956968
"TCGA-GV-A6ZA","Mut",0.374971755569716
"TCGA-K4-A4AB","Mut",0.344777433619756
"TCGA-KQ-A41N","Mut",0.336655513366414
"TCGA-KQ-A41O","Mut",0.375046664751081
"TCGA-KQ-A41P","Mut",0.3642871401441
"TCGA-KQ-A41R","Mut",0.33640482592368
"TCGA-UY-A9PD","Mut",0.364116425064479
"TCGA-UY-A9PF","Mut",0.382826226969178
"TCGA-XF-A8HH","Mut",0.428511583153241
"TCGA-XF-A8HI","Mut",0.408121872095834
"TCGA-XF-A9SH","Mut",0.400518428436918
"TCGA-XF-A9SJ","Mut",0.449443059797431
"TCGA-XF-A9T0","Mut",0.39234682544189
"TCGA-XF-AAMG","Mut",0.379995195336569
"TCGA-XF-AAMX","Mut",0.348543891131194
"TCGA-XF-AAN0","Mut",0.46908340048948
"TCGA-XF-AAN2","Mut",0.473657477452624
"TCGA-ZF-A9R0","Mut",0.42702485373367
"TCGA-ZF-A9R2","Mut",0.395943071499509
"TCGA-ZF-A9R3","Mut",0.42083627701843
"TCGA-ZF-A9R5","Mut",0.392647596917824
"TCGA-ZF-A9RD","Mut",0.474670574512301
"TCGA-ZF-A9RE","Mut",0.362461361583288
"TCGA-ZF-A9RG","Mut",0.462755542119468
"TCGA-ZF-AA51","Mut",0.475601773273618
"TCGA-ZF-AA53","Mut",0.413910038030153
"TCGA-ZF-AA56","Mut",0.428150945818385
"TCGA-2F-A9KO","Wild",0.437127117876959
"TCGA-2F-A9KQ","Wild",0.34810917360518
"TCGA-2F-A9KR","Wild",0.380214071900775
"TCGA-2F-A9KT","Wild",0.405886653807821
"TCGA-2F-A9KW","Wild",0.408527108168549
"TCGA-4Z-AA7M","Wild",0.372974181753782
"TCGA-4Z-AA7N","Wild",0.446394463268145
"TCGA-4Z-AA7O","Wild",0.365040862974989
"TCGA-4Z-AA7R","Wild",0.331208215691888
"TCGA-4Z-AA7S","Wild",0.44125564801463
"TCGA-4Z-AA7Y","Wild",0.387458487621099
"TCGA-4Z-AA80","Wild",0.354549273586042
"TCGA-4Z-AA81","Wild",0.422180421063112
"TCGA-4Z-AA86","Wild",0.457017590534577
"TCGA-4Z-AA87","Wild",0.388647709412662
"TCGA-5N-A9KI","Wild",0.406219609805118
"TCGA-5N-A9KM","Wild",0.416370117013036
"TCGA-BL-A0C8","Wild",0.43921534716238
"TCGA-BL-A13I","Wild",0.45190158089719
"TCGA-BL-A13J","Wild",0.443886435632515
"TCGA-BL-A3JM","Wild",0.433648859485386
"TCGA-BT-A0YX","Wild",0.428096777219554
"TCGA-BT-A20J","Wild",0.424413746475786
"TCGA-BT-A20N","Wild",0.458738675922288
"TCGA-BT-A20O","Wild",0.47055574841443
"TCGA-BT-A20P","Wild",0.498913311055153
"TCGA-BT-A20Q","Wild",0.476966191724238
"TCGA-BT-A20R","Wild",0.417478561935377
"TCGA-BT-A20U","Wild",0.470584396628157
"TCGA-BT-A20V","Wild",0.455727026580705
"TCGA-BT-A20W","Wild",0.453690765355163
"TCGA-BT-A20X","Wild",0.415522435087353
"TCGA-BT-A2LA","Wild",0.378911398942241
"TCGA-BT-A3PJ","Wild",0.389254230273213
"TCGA-BT-A3PK","Wild",0.442971162827751
"TCGA-BT-A42B","Wild",0.467721168184357
"TCGA-BT-A42C","Wild",0.419209393623029
"TCGA-BT-A42E","Wild",0.471575975510816
"TCGA-BT-A42F","Wild",0.4332117201685
"TCGA-C4-A0EZ","Wild",0.446643759205243
"TCGA-C4-A0F0","Wild",0.419473874468374
"TCGA-C4-A0F6","Wild",0.413382566102327
"TCGA-CF-A1HR","Wild",0.430584137012329
"TCGA-CF-A27C","Wild",0.38709586871826
"TCGA-CF-A3MF","Wild",0.383331444141371
"TCGA-CF-A3MG","Wild",0.364448555663425
"TCGA-CF-A3MH","Wild",0.391578329019037
"TCGA-CF-A3MI","Wild",0.369366225219052
"TCGA-CF-A47S","Wild",0.44472980204519
"TCGA-CF-A47T","Wild",0.347099721655232
"TCGA-CF-A47V","Wild",0.475251885525571
"TCGA-CF-A47X","Wild",0.35654001047277
"TCGA-CF-A5UA","Wild",0.488767411018238
"TCGA-CF-A7I0","Wild",0.36287974525524
"TCGA-CF-A9FF","Wild",0.407019736647406
"TCGA-CF-A9FH","Wild",0.431837042900755
"TCGA-CF-A9FL","Wild",0.367402779395104
"TCGA-CF-A9FM","Wild",0.433183243170606
"TCGA-CU-A0YN","Wild",0.456581781838352
"TCGA-CU-A0YO","Wild",0.452711340813361
"TCGA-CU-A0YR","Wild",0.466196150263581
"TCGA-CU-A3QU","Wild",0.445678436243405
"TCGA-CU-A3YL","Wild",0.43709342343575
"TCGA-CU-A5W6","Wild",0.436502515463117
"TCGA-CU-A72E","Wild",0.34698150247521
"TCGA-DK-A1A5","Wild",0.422087023688243
"TCGA-DK-A1AD","Wild",0.32851839063956
"TCGA-DK-A1AE","Wild",0.395750869047583
"TCGA-DK-A2HX","Wild",0.470660991896178
"TCGA-DK-A2I1","Wild",0.386904626749799
"TCGA-DK-A2I4","Wild",0.470765656868208
"TCGA-DK-A3IK","Wild",0.411715191844789
"TCGA-DK-A3IL","Wild",0.447491500857229
"TCGA-DK-A3IM","Wild",0.447245207584263
"TCGA-DK-A3IN","Wild",0.385290380150214
"TCGA-DK-A3IQ","Wild",0.433960858510706
"TCGA-DK-A3IT","Wild",0.436748028167039
"TCGA-DK-A3IU","Wild",0.452452125334403
"TCGA-DK-A3IV","Wild",0.433322412894671
"TCGA-DK-A3WW","Wild",0.439376727051816
"TCGA-DK-A3WX","Wild",0.443869310410481
"TCGA-DK-A3WY","Wild",0.494883052009976
"TCGA-DK-A3X1","Wild",0.403779765460225
"TCGA-DK-A3X2","Wild",0.401328210791282
"TCGA-DK-A6AV","Wild",0.420584241741107
"TCGA-DK-A6AW","Wild",0.4179667173691
"TCGA-DK-A6B1","Wild",0.415669539578479
"TCGA-DK-A6B2","Wild",0.417209241194314
"TCGA-DK-A6B6","Wild",0.459205137148345
"TCGA-DK-AA6L","Wild",0.404595539496343
"TCGA-DK-AA6M","Wild",0.465610860647452
"TCGA-DK-AA6Q","Wild",0.448423234862919
"TCGA-DK-AA6R","Wild",0.440985554200943
"TCGA-DK-AA6S","Wild",0.429543883073077
"TCGA-DK-AA6T","Wild",0.470888920876698
"TCGA-DK-AA6U","Wild",0.362247593932567
"TCGA-DK-AA71","Wild",0.443143006805836
"TCGA-DK-AA74","Wild",0.44283483750743
"TCGA-DK-AA75","Wild",0.326287241241214
"TCGA-DK-AA76","Wild",0.350057636392583
"TCGA-E5-A4TZ","Wild",0.358838848712459
"TCGA-E5-A4U1","Wild",0.388443851092504
"TCGA-E7-A3X6","Wild",0.395756150557037
"TCGA-E7-A3Y1","Wild",0.393509110194878
"TCGA-E7-A4IJ","Wild",0.394185794619258
"TCGA-E7-A4XJ","Wild",0.474998306266576
"TCGA-E7-A541","Wild",0.492787633314684
"TCGA-E7-A5KE","Wild",0.36053786828056
"TCGA-E7-A677","Wild",0.430834189805202
"TCGA-E7-A6MF","Wild",0.420018423602104
"TCGA-E7-A7DV","Wild",0.399057326052462
"TCGA-E7-A97P","Wild",0.4353003320184
"TCGA-FD-A3B3","Wild",0.433148638408644
"TCGA-FD-A3B4","Wild",0.491633686087951
"TCGA-FD-A3B6","Wild",0.419339252585444
"TCGA-FD-A3B7","Wild",0.447907278695034
"TCGA-FD-A3B8","Wild",0.466131248622413
"TCGA-FD-A3N6","Wild",0.392643235097936
"TCGA-FD-A3NA","Wild",0.409094117001457
"TCGA-FD-A3SM","Wild",0.362322289267418
"TCGA-FD-A3SN","Wild",0.460182735919109
"TCGA-FD-A3SO","Wild",0.48164764773437
"TCGA-FD-A3SP","Wild",0.442703200854462
"TCGA-FD-A3SQ","Wild",0.451302454986935
"TCGA-FD-A3SR","Wild",0.442326527347521
"TCGA-FD-A3SS","Wild",0.45914714905932
"TCGA-FD-A43N","Wild",0.362069740794542
"TCGA-FD-A43S","Wild",0.474501270723243
"TCGA-FD-A43U","Wild",0.442755860289192
"TCGA-FD-A5BR","Wild",0.419902620683162
"TCGA-FD-A5BS","Wild",0.441028284561613
"TCGA-FD-A5BT","Wild",0.470162646607963
"TCGA-FD-A5BU","Wild",0.446813885779517
"TCGA-FD-A5BY","Wild",0.461159702129387
"TCGA-FD-A5BZ","Wild",0.411221945983341
"TCGA-FD-A5C1","Wild",0.451176565994327
"TCGA-FD-A62N","Wild",0.47888492945782
"TCGA-FD-A62O","Wild",0.437490561754952
"TCGA-FD-A62P","Wild",0.439385933438366
"TCGA-FD-A62S","Wild",0.425734431841739
"TCGA-FD-A6TB","Wild",0.447747910391321
"TCGA-FD-A6TD","Wild",0.432982011778823
"TCGA-FD-A6TE","Wild",0.45314622335691
"TCGA-FD-A6TF","Wild",0.464273693662906
"TCGA-FD-A6TG","Wild",0.418545584416616
"TCGA-FD-A6TH","Wild",0.458750367814344
"TCGA-FD-A6TI","Wild",0.433526982126198
"TCGA-FD-A6TK","Wild",0.430961241953308
"TCGA-FJ-A3Z7","Wild",0.462069562207505
"TCGA-FJ-A3Z9","Wild",0.376849160975897
"TCGA-FJ-A3ZF","Wild",0.360053649293505
"TCGA-FT-A3EE","Wild",0.438879130541581
"TCGA-FT-A61P","Wild",0.463045850786127
"TCGA-G2-A2EF","Wild",0.450477572976662
"TCGA-G2-A2EJ","Wild",0.450710324275027
"TCGA-G2-A3IB","Wild",0.35185013645435
"TCGA-G2-A3IE","Wild",0.417454528617775
"TCGA-G2-A3VY","Wild",0.411728148218705
"TCGA-G2-AA3F","Wild",0.426466517247075
"TCGA-GC-A3BM","Wild",0.387586489095896
"TCGA-GC-A3I6","Wild",0.475115674399792
"TCGA-GC-A3OO","Wild",0.462865460015437
"TCGA-GC-A3RB","Wild",0.383888278600833
"TCGA-GC-A3RD","Wild",0.415208110066189
"TCGA-GC-A3WC","Wild",0.441305013468946
"TCGA-GC-A3YS","Wild",0.440502967022507
"TCGA-GC-A6I1","Wild",0.422702361286412
"TCGA-GC-A6I3","Wild",0.436469687691897
"TCGA-GD-A3OP","Wild",0.463694076932681
"TCGA-GD-A3OQ","Wild",0.433898885694295
"TCGA-GD-A3OS","Wild",0.448651337716412
"TCGA-GU-A42Q","Wild",0.429356895516096
"TCGA-GU-A762","Wild",0.472082564186028
"TCGA-GU-A763","Wild",0.352182962535307
"TCGA-GU-A764","Wild",0.427267212232417
"TCGA-GU-A766","Wild",0.453895260457088
"TCGA-GU-A767","Wild",0.455415617769546
"TCGA-GU-AATO","Wild",0.465300560534311
"TCGA-GV-A3JV","Wild",0.4652077317982
"TCGA-GV-A3JW","Wild",0.415652190057104
"TCGA-GV-A3JX","Wild",0.456389401137632
"TCGA-GV-A3JZ","Wild",0.402464381922948
"TCGA-GV-A3QG","Wild",0.428387198184721
"TCGA-GV-A3QI","Wild",0.476074676351908
"TCGA-GV-A3QK","Wild",0.44999586430252
"TCGA-GV-A40E","Wild",0.408985193987779
"TCGA-GV-A40G","Wild",0.471959612136466
"TCGA-H4-A2HO","Wild",0.412595282524971
"TCGA-H4-A2HQ","Wild",0.394241309428163
"TCGA-HQ-A2OE","Wild",0.377249169740843
"TCGA-HQ-A2OF","Wild",0.470563250205017
"TCGA-HQ-A5ND","Wild",0.363067466309395
"TCGA-HQ-A5NE","Wild",0.393245103463143
"TCGA-K4-A3WS","Wild",0.454214336941601
"TCGA-K4-A3WU","Wild",0.442910241055667
"TCGA-K4-A3WV","Wild",0.446086445830597
"TCGA-K4-A4AC","Wild",0.443857950065035
"TCGA-K4-A54R","Wild",0.473010296120563
"TCGA-K4-A5RH","Wild",0.470282063803706
"TCGA-K4-A5RI","Wild",0.420207417780341
"TCGA-K4-A5RJ","Wild",0.471659339271691
"TCGA-K4-A6FZ","Wild",0.467650284384404
"TCGA-K4-A6MB","Wild",0.37695081854055
"TCGA-K4-A83P","Wild",0.448592724570221
"TCGA-K4-AAQO","Wild",0.430148776755931
"TCGA-KQ-A41Q","Wild",0.407769939834421
"TCGA-KQ-A41S","Wild",0.451045429292085
"TCGA-LC-A66R","Wild",0.427293466225303
"TCGA-LT-A5Z6","Wild",0.477520060404959
"TCGA-MV-A51V","Wild",0.426948453783574
"TCGA-PQ-A6FI","Wild",0.369000602940126
"TCGA-PQ-A6FN","Wild",0.445060652619969
"TCGA-R3-A69X","Wild",0.435022478921578
"TCGA-S5-A6DX","Wild",0.423679385929681
"TCGA-S5-AA26","Wild",0.344450901351439
"TCGA-SY-A9G0","Wild",0.451974508266794
"TCGA-SY-A9G5","Wild",0.439862752165203
"TCGA-UY-A78K","Wild",0.441760608675722
"TCGA-UY-A78L","Wild",0.410742430685201
"TCGA-UY-A78M","Wild",0.384049189810114
"TCGA-UY-A78N","Wild",0.45966265926672
"TCGA-UY-A78O","Wild",0.421146314001507
"TCGA-UY-A8OB","Wild",0.420816750119341
"TCGA-UY-A9PA","Wild",0.454576449427528
"TCGA-UY-A9PB","Wild",0.445651980534548
"TCGA-UY-A9PE","Wild",0.420275590827675
"TCGA-UY-A9PH","Wild",0.391706174668087
"TCGA-XF-A9SG","Wild",0.414402673178962
"TCGA-XF-A9SI","Wild",0.457722083719973
"TCGA-XF-A9SK","Wild",0.402337791995245
"TCGA-XF-A9SL","Wild",0.463689870519657
"TCGA-XF-A9SM","Wild",0.429287282216947
"TCGA-XF-A9SP","Wild",0.395634617909219
"TCGA-XF-A9ST","Wild",0.532472100698374
"TCGA-XF-A9SU","Wild",0.427070392840143
"TCGA-XF-A9SV","Wild",0.430020691631183
"TCGA-XF-A9SW","Wild",0.489652477120826
"TCGA-XF-A9SX","Wild",0.482129530182522
"TCGA-XF-A9SY","Wild",0.440054006810146
"TCGA-XF-A9SZ","Wild",0.422651742938635
"TCGA-XF-A9T2","Wild",0.328541265371183
"TCGA-XF-A9T3","Wild",0.425871809874625
"TCGA-XF-A9T4","Wild",0.445085606693551
"TCGA-XF-A9T5","Wild",0.471353291477745
"TCGA-XF-A9T6","Wild",0.435442590136131
"TCGA-XF-A9T8","Wild",0.423805360763227
"TCGA-XF-AAME","Wild",0.440186351196846
"TCGA-XF-AAMF","Wild",0.432505373140872
"TCGA-XF-AAMH","Wild",0.414472183872088
"TCGA-XF-AAMJ","Wild",0.460862578229134
"TCGA-XF-AAML","Wild",0.440047996599474
"TCGA-XF-AAMQ","Wild",0.445892796600336
"TCGA-XF-AAMR","Wild",0.45908675039964
"TCGA-XF-AAMT","Wild",0.391003192312338
"TCGA-XF-AAMW","Wild",0.406149908001244
"TCGA-XF-AAMY","Wild",0.426080786217822
"TCGA-XF-AAMZ","Wild",0.483221382773433
"TCGA-XF-AAN1","Wild",0.429120877721911
"TCGA-XF-AAN3","Wild",0.454799235936109
"TCGA-XF-AAN4","Wild",0.474546262780264
"TCGA-XF-AAN5","Wild",0.511130889770148
"TCGA-XF-AAN7","Wild",0.368277901106867
"TCGA-XF-AAN8","Wild",0.463448996916972
"TCGA-YC-A8S6","Wild",0.439198295805456
"TCGA-YC-A9TC","Wild",0.384655903316991
"TCGA-YF-AA3L","Wild",0.449775972642653
"TCGA-YF-AA3M","Wild",0.408702362651944
"TCGA-ZF-A9R1","Wild",0.428571835432879
"TCGA-ZF-A9R4","Wild",0.412261277792538
"TCGA-ZF-A9R7","Wild",0.437450342759186
"TCGA-ZF-A9R9","Wild",0.467461539131413
"TCGA-ZF-A9RC","Wild",0.425122249932709
"TCGA-ZF-A9RF","Wild",0.424006965169048
"TCGA-ZF-A9RL","Wild",0.384919593608954
"TCGA-ZF-A9RM","Wild",0.462452589772495
"TCGA-ZF-A9RN","Wild",0.397132334344674
"TCGA-ZF-AA4N","Wild",0.429768863923516
"TCGA-ZF-AA4R","Wild",0.451939202694698
"TCGA-ZF-AA4T","Wild",0.387924445670951
"TCGA-ZF-AA4U","Wild",0.356314141868355
"TCGA-ZF-AA4V","Wild",0.447601104356133
"TCGA-ZF-AA4W","Wild",0.447441623858758
"TCGA-ZF-AA4X","Wild",0.466334477368967
"TCGA-ZF-AA52","Wild",0.428532351000302
"TCGA-ZF-AA54","Wild",0.430532370089457
"TCGA-ZF-AA58","Wild",0.468688012322459
"TCGA-ZF-AA5H","Wild",0.388454869586579
"TCGA-ZF-AA5N","Wild",0.447420782538445
"TCGA-ZF-AA5P","Wild",0.432437258400625
